{"cameraMode":{"drawMode":0,"name":"Shaded","section":"Shading Mode"},"sceneLighting":true,"audioPlay":false,"sceneViewState":{"showFog":true,"showMaterialUpdate":false,"showSkybox":true,"showFlares":true,"showImageEffects":true,"showParticleSystems":true},"in2DMode":false,"pivot":{"x":208.65650939941407,"y":-123.64994049072266,"z":-52.72922134399414},"rotation":{"x":-0.15863023698329926,"y":-0.7620141506195068,"z":0.20353931188583375,"w":-0.5939689874649048},"size":268.6005859375,"orthographic":false}