{"cameraMode":{"drawMode":0,"name":"Shaded","section":"Shading Mode"},"sceneLighting":true,"audioPlay":false,"sceneViewState":{"showFog":true,"showMaterialUpdate":false,"showSkybox":true,"showFlares":true,"showImageEffects":true,"showParticleSystems":true},"in2DMode":false,"pivot":{"x":1.5899757146835328,"y":2.6751084327697756,"z":-3.7916951179504396},"rotation":{"x":-0.2685798704624176,"y":-0.0963464304804802,"z":0.02698950096964836,"w":-0.9580950736999512},"size":3.3452341556549074,"orthographic":false}