{"cameraMode":{"drawMode":0,"name":"Shaded","section":"Shading Mode"},"sceneLighting":true,"audioPlay":false,"sceneViewState":{"showFog":true,"showMaterialUpdate":false,"showSkybox":true,"showFlares":true,"showImageEffects":true,"showParticleSystems":true},"in2DMode":false,"pivot":{"x":444.4039001464844,"y":230.90072631835938,"z":-27.4986572265625},"rotation":{"x":0.14295081794261933,"y":-0.08418942242860794,"z":-0.012798873707652092,"w":-0.9861916899681091},"size":200.10739135742188,"orthographic":false}