{"cameraMode":{"drawMode":0,"name":"Shaded","section":"Shading Mode"},"sceneLighting":true,"audioPlay":false,"sceneViewState":{"showFog":true,"showMaterialUpdate":false,"showSkybox":true,"showFlares":true,"showImageEffects":true,"showParticleSystems":true},"in2DMode":false,"pivot":{"x":-174.45437622070313,"y":-148.91177368164063,"z":-82.82186889648438},"rotation":{"x":-0.16671259701251985,"y":0.8046517968177795,"z":-0.26620548963546755,"w":-0.5039123296737671},"size":268.6005859375,"orthographic":false}