{"cameraMode":{"drawMode":0,"name":"Shaded","section":"Shading Mode"},"sceneLighting":true,"audioPlay":false,"sceneViewState":{"showFog":true,"showMaterialUpdate":false,"showSkybox":true,"showFlares":true,"showImageEffects":true,"showParticleSystems":true},"in2DMode":false,"pivot":{"x":-25.228824615478517,"y":0.4631735682487488,"z":16.903121948242189},"rotation":{"x":0.09605836868286133,"y":-0.610194742679596,"z":0.07636785507202149,"w":0.7829554677009583},"size":29.79152488708496,"orthographic":false}