{"cameraMode":{"drawMode":0,"name":"Shaded","section":"Shading Mode"},"sceneLighting":true,"audioPlay":false,"sceneViewState":{"showFog":true,"showMaterialUpdate":false,"showSkybox":true,"showFlares":true,"showImageEffects":true,"showParticleSystems":true},"in2DMode":false,"pivot":{"x":211.91015625,"y":-113.23782348632813,"z":86.7635269165039},"rotation":{"x":-0.190616637468338,"y":-0.5538341999053955,"z":0.1320302039384842,"w":-0.7997225522994995},"size":268.6005859375,"orthographic":false}