{"cameraMode":{"drawMode":0,"name":"Shaded","section":"Shading Mode"},"sceneLighting":true,"audioPlay":false,"sceneViewState":{"showFog":true,"showMaterialUpdate":false,"showSkybox":true,"showFlares":true,"showImageEffects":true,"showParticleSystems":true},"in2DMode":false,"pivot":{"x":-0.8686162829399109,"y":-1.1173760890960694,"z":8.289626121520996},"rotation":{"x":-0.09132315218448639,"y":0.023232989013195039,"z":-0.003980720415711403,"w":-0.9958570599555969},"size":29.79152488708496,"orthographic":false}