{"cameraMode":{"drawMode":0,"name":"Shaded","section":"Shading Mode"},"sceneLighting":false,"audioPlay":false,"sceneViewState":{"showFog":true,"showMaterialUpdate":false,"showSkybox":false,"showFlares":true,"showImageEffects":true,"showParticleSystems":true},"in2DMode":false,"pivot":{"x":-22.914159774780275,"y":40.067901611328128,"z":-349.2597961425781},"rotation":{"x":0.032655637711286548,"y":-0.7950472831726074,"z":0.04297403246164322,"w":0.6041427850723267},"size":339.8896484375,"orthographic":false}