{"cameraMode":{"drawMode":0,"name":"Shaded","section":"Shading Mode"},"sceneLighting":false,"audioPlay":false,"sceneViewState":{"showFog":true,"showMaterialUpdate":false,"showSkybox":false,"showFlares":true,"showImageEffects":true,"showParticleSystems":true},"in2DMode":false,"pivot":{"x":0.004963874816894531,"y":-0.02905935049057007,"z":-0.42302387952804568},"rotation":{"x":0.20699040591716767,"y":-0.014694374054670334,"z":0.004950183909386396,"w":0.9785130620002747},"size":1.9318844079971314,"orthographic":false}