{"cameraMode":{"drawMode":0,"name":"Shaded","section":"Shading Mode"},"sceneLighting":false,"audioPlay":false,"sceneViewState":{"showFog":true,"showMaterialUpdate":false,"showSkybox":false,"showFlares":true,"showImageEffects":true,"showParticleSystems":true},"in2DMode":false,"pivot":{"x":354.3965759277344,"y":139.10458374023438,"z":-55.020538330078128},"rotation":{"x":-0.04310949891805649,"y":0.13149459660053254,"z":0.005724662449210882,"w":0.9903810620307922},"size":214.05709838867188,"orthographic":false}